nodo,saida,pulso,pulso,corrente,set,validacoes->
i1,g1,up,down,13.6171875E-6,=E2*0.00000000019/(1.08E-14*0.000000021),'11010
i1,g1,down,up,17.994140625E-6,=E3*0.00000000019/(1.08E-14*0.000000021),'01010
i2,g1,up,up,15.4409179688E-6,=E4*0.00000000019/(1.08E-14*0.000000021),'01111
i2,g1,down,down,20.1218261719E-6,=E5*0.00000000019/(1.08E-14*0.000000021),'00111
i2,g2,up,up,15.0153808594E-6,=E6*0.00000000019/(1.08E-14*0.000000021),'01111
i2,g2,down,down,20.0002441406E-6,=E7*0.00000000019/(1.08E-14*0.000000021),'00111
i3,g1,up,down,14.7114257812E-6,=E8*0.00000000019/(1.08E-14*0.000000021),'00100,'00110,'01100
i3,g1,down,up,19.2099609375E-6,=E9*0.00000000019/(1.08E-14*0.000000021),'00000,'00010,'01000
i3,g2,up,down,14.3466796875E-6,=E10*0.00000000019/(1.08E-14*0.000000021),'00100
i3,g2,down,up,18.48046875E-6,=E11*0.00000000019/(1.08E-14*0.000000021),'00000,'00010,'01000
i4,g2,up,down,13.8603515625E-6,=E12*0.00000000019/(1.08E-14*0.000000021),'00001,'00011,'01001
i4,g2,down,up,18.2373046875E-6,=E13*0.00000000019/(1.08E-14*0.000000021),'00000,'00010,'01000
g1,g1,up,up,12.158203125E-6,=E14*0.00000000019/(1.08E-14*0.000000021),'00000,'00010,'01000,'01010,'01110,'10000,'10010
g1,g1,down,down,15.5625E-6,=E15*0.00000000019/(1.08E-14*0.000000021),'00100,'00110,'01100,'10100,'10110,'11000,'11010,'11110
g2,g2,up,up,12.158203125E-6,=E16*0.00000000019/(1.08E-14*0.000000021),'01010,'01011,'01110
g2,g2,down,down,15.5625E-6,=E17*0.00000000019/(1.08E-14*0.000000021),'00001,'00011,'00100,'00110,'01001,'01100
