nodo,saida,pulso,pulso,corrente,set,num val,validacoes->
e1,g1,rise,fall,21.7459716796875,1.09e+07,1,'11010
e1,g1,fall,rise,28.872802734375,1.45e+07,1,'01010
i1,g1,rise,fall,70.171875,3.53e+07,1,'11000
i1,g1,fall,rise,28.872802734375,1.45e+07,1,'10000
e2,g1,rise,rise,23.23834228515625,1.17e+07,1,'01110
e2,g1,fall,fall,30.867706298828125,1.55e+07,1,'01100
e2,g2,rise,rise,23.215499877929688,1.17e+07,1,'01111
e2,g2,fall,fall,31.15704345703125,1.57e+07,1,'01101
i2,g1,rise,rise,114.5166015625,5.76e+07,1,'01110
i2,g1,fall,fall,30.867706298828125,1.55e+07,2,'00110,'10110
i2,g2,rise,rise,107.20703125,5.39e+07,1,'01111
i2,g2,fall,fall,31.15704345703125,1.57e+07,1,'00111
e3,g1,rise,fall,22.781494140625,1.15e+07,1,'00100
e3,g1,fall,rise,29.847412109375,1.50e+07,3,'00000,'00010,'01000
e3,g2,rise,fall,22.781494140625,1.15e+07,1,'00100
e3,g2,fall,rise,29.847412109375,1.50e+07,3,'00000,'00010,'01000
i3,g1,rise,fall,89.6640625,4.51e+07,3,'00100,'00110,'01100
i3,g1,fall,rise,29.847412109375,1.50e+07,1,'01110
i3,g2,rise,fall,89.6640625,4.51e+07,3,'00100,'00110,'01100
i3,g2,fall,rise,29.847412109375,1.50e+07,1,'01110
e4,g2,rise,fall,21.7459716796875,1.09e+07,3,'00001,'00011,'01001
e4,g2,fall,rise,28.872802734375,1.45e+07,3,'00000,'00010,'01000
i4,g2,rise,fall,70.171875,3.53e+07,3,'00001,'00011,'01001
i4,g2,fall,rise,28.872802734375,1.45e+07,1,'01011
g1,g1,rise,rise,20.466796875,1.03e+07,7,'00000,'00010,'01000,'01010,'01110,'10000,'10010
g1,g1,fall,fall,26.314453125,1.32e+07,8,'00100,'00110,'01100,'10100,'10110,'11000,'11010,'11110
i5,g1,rise,rise,42.8828125,2.16e+07,5,'00000,'00010,'01000,'01010,'01110
i5,g1,fall,fall,26.314453125,1.32e+07,3,'00100,'00110,'01100
g2,g2,rise,rise,20.466796875,1.03e+07,7,'00000,'00010,'01000,'01010,'01011,'01110,'01111
g2,g2,fall,fall,26.314453125,1.32e+07,6,'00001,'00011,'00100,'00110,'01001,'01100
i6,g2,rise,rise,42.8828125,2.16e+07,5,'00000,'00010,'01000,'01010,'01110
i6,g2,fall,fall,26.314453125,1.32e+07,3,'00100,'00110,'01100
