nodo,saida,pulso,pulso,corrente,set,validacoes->
i1,g1,up,down,101.15625E-6,=E2*0.00000000019/(1.08E-14*0.000000021),'11010,
i1,g1,down,up,147.84375E-6,=E3*0.00000000019/(1.08E-14*0.000000021),'01010,'10010,
i2,g1,up,up,102.372070312E-6,=E4*0.00000000019/(1.08E-14*0.000000021),'01111,
i2,g1,down,down,155.138671875E-6,=E5*0.00000000019/(1.08E-14*0.000000021),'00111,'01101,
i2,g2,up,up,100.426757812E-6,=E6*0.00000000019/(1.08E-14*0.000000021),'01111,
i2,g2,down,down,157.5703125E-6,=E7*0.00000000019/(1.08E-14*0.000000021),'00111,'01101,
i3,g1,up,down,101.15625E-6,=E8*0.00000000019/(1.08E-14*0.000000021),'00100,'00110,'01100,
i3,g1,down,up,153.6796875E-6,=E9*0.00000000019/(1.08E-14*0.000000021),'00000,'00010,'01000,'01110,
i3,g2,up,down,103.1015625E-6,=E10*0.00000000019/(1.08E-14*0.000000021),'00100,'00110,'01100,
i3,g2,down,up,147.84375E-6,=E11*0.00000000019/(1.08E-14*0.000000021),'00000,'00010,'01000,
i4,g2,up,down,99.2109375E-6,=E12*0.00000000019/(1.08E-14*0.000000021),'00001,'00011,'01001,
i4,g2,down,up,151.734375E-6,=E13*0.00000000019/(1.08E-14*0.000000021),'00000,'00010,'01000,'01011,
g1,g1,up,up,101.15625E-6,=E14*0.00000000019/(1.08E-14*0.000000021),'00000,'00010,'01000,'01010,'01110,'10000,'10010,
g1,g1,down,down,155.625E-6,=E15*0.00000000019/(1.08E-14*0.000000021),'00100,'00110,'01100,'10100,'10110,'11000,'11010,'11110,
g2,g2,up,up,101.15625E-6,=E16*0.00000000019/(1.08E-14*0.000000021),'00000,'00010,'01000,'01010,'01011,'01110,'01111,
g2,g2,down,down,155.625E-6,=E17*0.00000000019/(1.08E-14*0.000000021),'00001,'00011,'00100,'00110,'01001,'01100,
