nodo,saida,pulso,pulso,corrente,set,num val,validacoes->
e1,g1,rise,fall,35.695068359375,1.79e+07,1,'11010
e1,g1,fall,rise,29.23828125,1.47e+07,1,'01010
i1,g1,rise,fall,101.359375,5.09e+07,1,'11000
i1,g1,fall,rise,29.23828125,1.47e+07,1,'10000
e2,g1,rise,rise,23.619049072265625,1.19e+07,1,'01110
e2,g1,fall,fall,31.141815185546875,1.57e+07,1,'01100
e2,g2,rise,rise,23.390625,1.18e+07,1,'01111
e2,g2,fall,fall,31.52252197265625,1.58e+07,1,'01101
i2,g1,rise,rise,126.69921875,6.37e+07,1,'01110
i2,g1,fall,fall,31.172271728515625,1.57e+07,2,'00110,'10110
i2,g2,rise,rise,106.232421875,5.34e+07,1,'01111
i2,g2,fall,fall,31.52252197265625,1.58e+07,1,'00111
e3,g1,rise,fall,23.14697265625,1.16e+07,1,'00100
e3,g1,fall,rise,30.578369140625,1.54e+07,3,'00000,'00010,'01000
e3,g2,rise,fall,23.14697265625,1.16e+07,1,'00100
e3,g2,fall,rise,30.578369140625,1.54e+07,3,'00000,'00010,'01000
i3,g1,rise,fall,89.6640625,4.51e+07,1,'00100
i3,g1,fall,rise,30.578369140625,1.54e+07,1,'01110
i3,g2,rise,fall,89.6640625,4.51e+07,1,'00100
i3,g2,fall,rise,30.578369140625,1.54e+07,1,'01110
e4,g2,rise,fall,35.695068359375,1.79e+07,3,'00001,'00011,'01001
e4,g2,fall,rise,29.23828125,1.47e+07,3,'00000,'00010,'01000
i4,g2,rise,fall,101.359375,5.09e+07,3,'00001,'00011,'01001
i4,g2,fall,rise,29.23828125,1.47e+07,1,'01011
g1,g1,rise,rise,33.6240234375,1.69e+07,2,'00000,'00010
g1,g1,fall,fall,26.314453125,1.32e+07,3,'11000,'11010,'11110
i5,g1,rise,rise,70.171875,3.53e+07,5,'00000,'00010,'01000,'01010,'01110
i5,g1,fall,fall,26.314453125,1.32e+07,3,'00100,'00110,'01100
g2,g2,rise,rise,33.6240234375,1.69e+07,2,'01010,'01110
g2,g2,fall,fall,26.314453125,1.32e+07,3,'00001,'00011,'01001
i6,g2,rise,rise,70.171875,3.53e+07,5,'00000,'00010,'01000,'01010,'01110
i6,g2,fall,fall,26.314453125,1.32e+07,3,'00100,'00110,'01100
