nodo,saida,pulso,pulso,corrente,set
i1,g1,up,up,172.646484375E-6,=E2*0.00000000019/(1.08E-14*0.000000021),'00010,'01010,'10010,
i1,g1,down,down,157.5703125E-6,=E3*0.00000000019/(1.08E-14*0.000000021),'11010,
nc,g1,up,down,173.375976562E-6,=E4*0.00000000019/(1.08E-14*0.000000021),'00100,
nc,g1,down,up,157.205566406E-6,=E5*0.00000000019/(1.08E-14*0.000000021),'00000,
i2,g1,up,down,172.16015625E-6,=E6*0.00000000019/(1.08E-14*0.000000021),'00100,'00110,'01100,
i2,g1,down,up,161.582519531E-6,=E7*0.00000000019/(1.08E-14*0.000000021),'01110,
i2,g2,up,down,171.1875E-6,=E8*0.00000000019/(1.08E-14*0.000000021),'00101,'00111,'01101,
i2,g2,down,up,163.40625E-6,=E9*0.00000000019/(1.08E-14*0.000000021),'01111,
i3,g1,up,up,170.21484375E-6,=E10*0.00000000019/(1.08E-14*0.000000021),'00000,'00010,'01000,'01110,
i3,g1,down,down,80.9736328125E-6,=E11*0.00000000019/(1.08E-14*0.000000021),'00100,'00110,'01100,
g1,g1,up,up,171.1875E-6,=E12*0.00000000019/(1.08E-14*0.000000021),'00000,'00010,'01000,'01010,'01110,'10000,'10010,
g1,g1,down,down,155.625E-6,=E13*0.00000000019/(1.08E-14*0.000000021),'00100,'00110,'01100,'10100,'10110,'11000,'11010,'11100,'11110,
i4,g2,up,down,171.1875E-6,=E14*0.00000000019/(1.08E-14*0.000000021),'00001,'00100,
i4,g2,down,up,79.7578125E-6,=E15*0.00000000019/(1.08E-14*0.000000021),'00000,
g2,g2,up,up,171.1875E-6,=E16*0.00000000019/(1.08E-14*0.000000021),'00000,'00010,'01000,'01011,'01110,'01111,
g2,g2,down,down,77.8125E-6,=E17*0.00000000019/(1.08E-14*0.000000021),'00001,'00011,'00100,'00101,'00110,'00111,'01001,'01100,'01101,
