nodo,saida,pulso,pulso,corrente,set,num val,validacoes->
e1,g1,rise,fall,21.7459716796875,1.09e+07,1,'11010
e1,g1,fall,rise,28.872802734375,1.45e+07,1,'01010
i1,g1,rise,fall,70.171875,3.53e+07,2,'11000,'11010
i1,g1,fall,rise,28.872802734375,1.45e+07,2,'10000,'10010
e2,g1,rise,rise,23.0860595703125,1.16e+07,1,'01110
e2,g1,fall,fall,30.578369140625,1.54e+07,1,'01100
e2,g2,rise,rise,23.009918212890625,1.16e+07,1,'01111
e2,g2,fall,fall,30.42608642578125,1.53e+07,1,'01101
i2,g1,rise,rise,107.6943359375,5.41e+07,1,'01110
i2,g1,fall,fall,30.578369140625,1.54e+07,2,'00110,'10110
e3,g1,rise,fall,21.9896240234375,1.11e+07,1,'00100
e3,g1,fall,rise,29.360107421875,1.48e+07,1,'01110
i3,g1,rise,fall,77.96875,3.92e+07,2,'00100,'00110
i3,g1,fall,rise,29.23828125,1.47e+07,2,'00000,'00010
g1,g1,rise,rise,20.466796875,1.03e+07,7,'00000,'00010,'01000,'01010,'01110,'10000,'10010
g1,g1,fall,fall,26.314453125,1.32e+07,8,'00100,'00110,'01100,'10100,'10110,'11000,'11010,'11110
i4,g1,rise,rise,42.8828125,2.16e+07,5,'00000,'00010,'01000,'01010,'01110
i4,g1,fall,fall,26.314453125,1.32e+07,3,'00100,'00110,'01100
i51,g2,rise,fall,44.299041748046875,2.23e+07,1,'00100
i52,g2,rise,fall,44.35614776611328,2.23e+07,1,'00001
i52,g2,fall,rise,14.681957244873047,7.38e+06,1,'00000
e4,g2,rise,rise,44.8929443359375,2.26e+07,1,'00000
e4,g2,fall,fall,29.740814208984375,1.49e+07,1,'00101
i62,g2,rise,fall,21.6241455078125,1.09e+07,3,'00001,'00100,'00101
i62,g2,fall,rise,28.7509765625,1.45e+07,3,'01011,'01110,'01111
i61,g2,rise,fall,66.2734375,3.33e+07,3,'00001,'00100,'00101
i61,g2,fall,rise,28.629150390625,1.44e+07,1,'00000
g2,g2,rise,rise,40.4462890625,2.03e+07,1,'01010
g2,g2,fall,fall,26.314453125,1.32e+07,9,'00001,'00011,'00100,'00101,'00110,'00111,'01001,'01100,'01101
