nodo,saida,pulso,pulso,corrente,set,num val,validacoes->
i12,g1,rise,fall,22.36652374267578,1.12e+07,2,'11000,'11010
i12,g1,fall,rise,30.058704376220703,1.51e+07,1,'01010
i11,g1,rise,fall,95.05487060546875,4.78e+07,2,'11000,'11010
e1,g1,rise,rise,44.573150634765625,2.24e+07,1,'00010
e1,g1,fall,fall,30.18243408203125,1.52e+07,1,'11010
nc,g1,rise,fall,44.999542236328125,2.26e+07,1,'00100
nc,g1,fall,rise,30.372787475585938,1.53e+07,1,'00000
i22,g1,rise,rise,22.612555503845215,1.14e+07,1,'01110
i22,g1,fall,fall,30.713520050048828,1.54e+07,1,'01100
i22,g2,rise,rise,22.431243896484375,1.13e+07,1,'01011
i22,g2,fall,fall,30.258575439453125,1.52e+07,1,'01001
i21,g2,rise,rise,105.7451171875,5.32e+07,1,'01110
i21,g2,fall,fall,30.5174560546875,1.53e+07,1,'00110
e2,g1,rise,fall,45.76856994628906,2.30e+07,1,'00100
e2,g1,fall,rise,31.324554443359375,1.57e+07,1,'01110
e2,g2,rise,fall,44.953857421875,2.26e+07,1,'00101
e2,g2,fall,rise,30.212890625,1.52e+07,1,'01111
i3,g1,rise,rise,44.634063720703125,2.24e+07,5,'00000,'00010,'01000,'10000,'10010
i3,g2,fall,rise,76.5068359375,3.85e+07,1,'01011
e3,g1,rise,rise,44.7711181640625,2.25e+07,1,'01110
e3,g1,fall,fall,23.740875244140625,1.19e+07,3,'00100,'00110,'01100
i41,g1,rise,fall,43.12646484375,2.17e+07,3,'11000,'11010,'11110
i41,g1,fall,rise,72.12109375,3.63e+07,7,'00000,'00010,'01000,'01010,'01110,'10000,'10010
i42,g1,rise,fall,43.3701171875,2.18e+07,5,'00100,'00110,'01100,'10100,'10110
i42,g1,fall,rise,22.9642333984375,1.15e+07,1,'01010
g1,g1,rise,rise,40.93359375,2.06e+07,7,'00000,'00010,'01000,'01010,'01110,'10000,'10010
g1,g1,fall,fall,26.314453125,1.32e+07,9,'00100,'00110,'01100,'10100,'10110,'11000,'11010,'11100,'11110
i5,g2,rise,fall,43.735595703125,2.20e+07,3,'00100,'00110,'01100
i5,g2,fall,rise,74.0703125,3.72e+07,3,'00000,'00010,'01000
e4,g2,rise,fall,43.857421875,2.20e+07,1,'00001
e4,g2,fall,rise,23.14697265625,1.16e+07,1,'00000
i6,g2,rise,rise,40.93359375,2.06e+07,3,'01011,'01110,'01111
i6,g2,fall,fall,46.78125,2.35e+07,9,'00001,'00011,'00100,'00101,'00110,'00111,'01001,'01100,'01101
g2,g2,rise,rise,40.93359375,2.06e+07,6,'00000,'00010,'01000,'01011,'01110,'01111
g2,g2,fall,fall,21.44140625,1.08e+07,9,'00001,'00011,'00100,'00101,'00110,'00111,'01001,'01100,'01101
