nodo,saida,pulso,pulso,corrente,set,num val,validacoes->
i12,g1,rise,fall,22.320838928222656,1.12e+07,1,'11000
i12,g1,fall,rise,29.832183837890625,1.50e+07,2,'01000,'01010
i11,g1,rise,fall,92.08619046211243,4.63e+07,1,'11010
e1,g1,rise,rise,44.104881286621094,2.22e+07,1,'00010
e1,g1,fall,fall,30.18243408203125,1.52e+07,1,'11010
nc,g1,rise,fall,44.48558807373047,2.24e+07,1,'00100
nc,g1,fall,rise,30.220504760742188,1.52e+07,1,'00000
i22,g1,rise,rise,22.544028282165527,1.13e+07,1,'01110
i22,g1,fall,fall,30.38991928100586,1.53e+07,1,'01100
i22,g2,rise,rise,22.370330810546875,1.12e+07,1,'01011
i22,g2,fall,fall,29.984466552734375,1.51e+07,1,'01001
i21,g2,rise,rise,101.359375,5.09e+07,1,'01110
i21,g2,fall,fall,30.18243408203125,1.52e+07,1,'00110
e2,g1,rise,fall,45.07568359375,2.27e+07,1,'00100
e2,g1,fall,rise,31.019989013671875,1.56e+07,1,'01110
e2,g2,rise,fall,44.10107421875,2.22e+07,1,'00101
e2,g2,fall,rise,30.0301513671875,1.51e+07,1,'01111
i3,g1,rise,rise,44.1619873046875,2.22e+07,5,'00000,'00010,'01000,'10000,'10010
i3,g2,fall,rise,72.12109375,3.63e+07,1,'01011
e3,g1,rise,rise,44.24276852607727,2.22e+07,1,'01110
e3,g1,fall,fall,14.634368896484375,7.36e+06,3,'00100,'00110,'01100
i41,g1,rise,fall,43.004638671875,2.16e+07,3,'11000,'11010,'11110
i41,g1,fall,rise,48.73046875,2.45e+07,7,'00000,'00010,'01000,'01010,'01110,'10000,'10010
i42,g1,rise,fall,43.491943359375,2.19e+07,5,'00100,'00110,'01100,'10100,'10110
i42,g1,fall,rise,14.1318359375,7.10e+06,7,'00000,'00010,'01000,'01010,'01110,'10000,'10010
g1,g1,rise,rise,40.93359375,2.06e+07,7,'00000,'00010,'01000,'01010,'01110,'10000,'10010
g1,g1,fall,fall,26.314453125,1.32e+07,9,'00100,'00110,'01100,'10100,'10110,'11000,'11010,'11100,'11110
i5,g2,rise,fall,43.248291015625,2.17e+07,3,'00100,'00110,'01100
i5,g2,fall,rise,50.6796875,2.55e+07,3,'00000,'00010,'01000
e4,g2,rise,fall,43.248291015625,2.17e+07,1,'00001
e4,g2,fall,rise,14.253662109375,7.16e+06,1,'00000
i6,g2,rise,rise,40.93359375,2.06e+07,3,'01011,'01110,'01111
i6,g2,fall,fall,27.2890625,1.37e+07,9,'00001,'00011,'00100,'00101,'00110,'00111,'01001,'01100,'01101
g2,g2,rise,rise,40.93359375,2.06e+07,6,'00000,'00010,'01000,'01011,'01110,'01111
g2,g2,fall,fall,13.035400390625,6.55e+06,3,'00101,'00111,'01101
