nodo,saida,pulso,pulso,corrente,set,num val,validacoes->
e1,g1,rise,fall,21.7459716796875,1.09e+07,1,'11010
e1,g1,fall,rise,28.872802734375,1.45e+07,1,'01010
i1,g1,rise,fall,70.171875,3.53e+07,3,'11000,'11010,'11110
i1,g1,fall,rise,28.872802734375,1.45e+07,2,'10000,'10010
e2,g1,rise,rise,22.286575317382812,1.12e+07,1,'01110
e2,g1,fall,fall,29.847412109375,1.50e+07,1,'01100
i2,g1,rise,rise,90.638671875,4.56e+07,1,'01110
i2,g1,fall,fall,29.832183837890625,1.50e+07,2,'00110,'10110
e3,g1,rise,fall,21.9896240234375,1.11e+07,1,'00100
e3,g1,fall,rise,29.360107421875,1.48e+07,1,'01110
i3,g1,rise,fall,77.96875,3.92e+07,5,'00100,'00110,'01100,'10100,'10110
i3,g1,fall,rise,29.23828125,1.47e+07,5,'00000,'00010,'01000,'10000,'10010
g1,g1,rise,rise,20.466796875,1.03e+07,7,'00000,'00010,'01000,'01010,'01110,'10000,'10010
g1,g1,fall,fall,26.314453125,1.32e+07,8,'00100,'00110,'01100,'10100,'10110,'11000,'11010,'11110
i4,g1,rise,rise,42.8828125,2.16e+07,7,'00000,'00010,'01000,'01010,'01110,'10000,'10010
i4,g1,fall,fall,26.314453125,1.32e+07,5,'00100,'00110,'01100,'10100,'10110
e4,g2,rise,fall,44.466552734375,2.24e+07,1,'00100
e4,g2,fall,rise,23.63427734375,1.19e+07,1,'00000
i62,g2,rise,rise,22.218048095703125,1.12e+07,1,'01111
i62,g2,fall,fall,29.87786865234375,1.50e+07,1,'01101
i61,g2,rise,rise,86.740234375,4.36e+07,3,'01011,'01110,'01111
i61,g2,fall,fall,29.87786865234375,1.50e+07,3,'00011,'00110,'00111
e5,g2,rise,fall,43.3701171875,2.18e+07,1,'00101
e5,g2,fall,rise,28.7509765625,1.45e+07,1,'01111
g2,g2,rise,rise,40.93359375,2.06e+07,6,'00000,'00010,'01000,'01011,'01110,'01111
g2,g2,fall,fall,21.44140625,1.08e+07,9,'00001,'00011,'00100,'00101,'00110,'00111,'01001,'01100,'01101
