indice,pmos,nmos,LETth
1,0.0,0.0,e4,g2,114.029296875
2,-0.829,-0.801,g1,g1,175.4296875
3,0.215,-0.267,g2,g2,155.9375
