nodo,saida,pulso,pulso,corrente,set,num val,validacoes->
i12,g1,rise,fall,22.320838928222656,1.12e+07,1,'11000
i12,g1,fall,rise,29.832183837890625,1.50e+07,2,'01000,'01010
i11,g1,rise,fall,92.08571457862854,4.63e+07,1,'11010
e1,g1,rise,rise,44.104881286621094,2.22e+07,1,'00010
e1,g1,fall,fall,30.18243408203125,1.52e+07,1,'11010
nc,g1,rise,fall,44.950050354003906,2.26e+07,1,'00100
nc,g1,fall,rise,30.205276489257812,1.52e+07,1,'00000
i22,g1,rise,rise,22.578767776489258,1.13e+07,1,'01110
i22,g1,fall,fall,30.7001953125,1.54e+07,1,'01100
i22,g2,rise,rise,22.431243896484375,1.13e+07,1,'01011
i22,g2,fall,fall,30.258575439453125,1.52e+07,1,'01001
i21,g2,rise,rise,106.232421875,5.34e+07,1,'01110
i21,g2,fall,fall,30.54791259765625,1.54e+07,1,'00110
e2,g1,rise,fall,45.669586181640625,2.30e+07,1,'00100
e2,g1,fall,rise,30.989532470703125,1.56e+07,1,'01110
e2,g2,rise,fall,45.07568359375,2.27e+07,1,'00101
e2,g2,fall,rise,30.212890625,1.52e+07,1,'01111
i3,g1,rise,rise,44.25323796272278,2.22e+07,3,'00010,'01000,'10010
i3,g2,fall,rise,76.994140625,3.87e+07,1,'01011
e3,g1,rise,rise,44.451324462890625,2.23e+07,1,'01110
e3,g1,fall,fall,23.771331787109375,1.19e+07,3,'00100,'00110,'01100
i41,g1,rise,fall,43.004638671875,2.16e+07,3,'11000,'11010,'11110
i41,g1,fall,rise,48.73046875,2.45e+07,7,'00000,'00010,'01000,'01010,'01110,'10000,'10010
i42,g1,rise,fall,43.1873779296875,2.17e+07,5,'00100,'00110,'01100,'10100,'10110
i42,g1,fall,rise,14.1318359375,7.10e+06,7,'00000,'00010,'01000,'01010,'01110,'10000,'10010
g1,g1,rise,rise,40.93359375,2.06e+07,7,'00000,'00010,'01000,'01010,'01110,'10000,'10010
g1,g1,fall,fall,26.314453125,1.32e+07,9,'00100,'00110,'01100,'10100,'10110,'11000,'11010,'11100,'11110
i5,g2,rise,fall,43.735595703125,2.20e+07,3,'00100,'00110,'01100
i5,g2,fall,rise,74.0703125,3.72e+07,3,'00000,'00010,'01000
e4,g2,rise,fall,43.857421875,2.20e+07,1,'00001
e4,g2,fall,rise,23.14697265625,1.16e+07,1,'00000
i6,g2,rise,rise,40.93359375,2.06e+07,3,'01011,'01110,'01111
i6,g2,fall,fall,46.78125,2.35e+07,9,'00001,'00011,'00100,'00101,'00110,'00111,'01001,'01100,'01101
g2,g2,rise,rise,40.93359375,2.06e+07,6,'00000,'00010,'01000,'01011,'01110,'01111
g2,g2,fall,fall,21.44140625,1.08e+07,9,'00001,'00011,'00100,'00101,'00110,'00111,'01001,'01100,'01101
