nodo,saida,pulso,pulso,corrente,set,num val,validacoes->
e1,g1,rise,fall,143.7548828125,7.23e+07,1,'11010
e1,g1,fall,rise,199.794921875,1.00e+08,2,'01010,'10010
i1,g1,rise,fall,252.423828125,1.27e+08,3,'11000,'11010,'11110
i1,g1,fall,rise,199.794921875,1.00e+08,2,'10000,'10010
e2,g1,rise,rise,145.094970703125,7.29e+07,1,'01110
e2,g1,fall,fall,202.5360107421875,1.02e+08,1,'01100
i2,g1,rise,rise,255.246887922287,1.28e+08,1,'01110
i2,g1,fall,fall,202.71875,1.02e+08,2,'00110,'10110
e3,g1,rise,fall,142.29296875,7.15e+07,3,'00100,'00110,'01100
e3,g1,fall,rise,202.2314453125,1.02e+08,4,'00000,'00010,'01000,'01110
i3,g1,rise,fall,250.474609375,1.26e+08,5,'00100,'00110,'01100,'10100,'10110
i3,g1,fall,rise,202.2314453125,1.02e+08,5,'00000,'00010,'01000,'10000,'10010
g1,g1,rise,rise,233.90625,1.18e+08,7,'00000,'00010,'01000,'01010,'01110,'10000,'10010
g1,g1,fall,fall,327.46875,1.65e+08,8,'00100,'00110,'01100,'10100,'10110,'11000,'11010,'11110
i4,g1,rise,rise,405.4375,2.04e+08,7,'00000,'00010,'01000,'01010,'01110,'10000,'10010
i4,g1,fall,fall,327.46875,1.65e+08,5,'00100,'00110,'01100,'10100,'10110
i5,g2,fall,fall,495.101443529129,2.49e+08,1,'00111
e4,g2,rise,fall,249.5,1.25e+08,1,'00100
e4,g2,fall,rise,106.7197265625,5.36e+07,1,'00000
i62,g2,rise,rise,143.70717549324036,7.22e+07,1,'01111
i62,g2,fall,fall,203.327880859375,1.02e+08,1,'01101
i61,g2,rise,rise,252.789306640625,1.27e+08,3,'01011,'01110,'01111
i61,g2,fall,fall,203.3887939453125,1.02e+08,3,'00011,'00110,'00111
e5,g2,rise,fall,247.30712890625,1.24e+08,1,'00101
e5,g2,fall,rise,203.2060546875,1.02e+08,1,'01111
g2,g2,rise,rise,413.234375,2.08e+08,6,'00000,'00010,'01000,'01011,'01110,'01111
g2,g2,fall,fall,171.53125,8.62e+07,9,'00001,'00011,'00100,'00101,'00110,'00111,'01001,'01100,'01101
