nodo,saida,pulso,pulso,corrente,set,num val,validacoes->
e1,g1,rise,fall,143.02392578125,71890333.06464946,1,'11010
e1,g1,fall,rise,199.3076171875,100181077.42228836,2,'01010,'10010
i1,g1,rise,fall,250.9619140625,126144877.43882273,3,'11000,'11010,'11110
i1,g1,fall,rise,199.3076171875,100181077.42228836,2,'10000,'10010
e2,g1,rise,rise,144.2896568775177,72526547.10774697,1,'01110
e2,g1,fall,fall,201.135009765625,101099608.08325066,1,'01100
i2,g1,rise,rise,253.73857522010803,127540553.68206488,1,'01110
i2,g1,fall,fall,201.28729248046875,101176152.3049975,1,'00110
e3,g1,rise,fall,141.8056640625,71277979.29067461,3,'00100,'00110,'01100
e3,g1,fall,rise,201.744140625,101405784.97023809,4,'00000,'00010,'01000,'01110
i3,g1,rise,fall,249.0126953125,125165111.40046296,5,'00100,'00110,'01100,'10100,'10110
i3,g1,fall,rise,201.744140625,101405784.97023809,5,'00000,'00010,'01000,'10000,'10010
g1,g1,rise,rise,140.34375,70543154.76190476,7,'00000,'00010,'01000,'01010,'01110,'10000,'10010
g1,g1,fall,fall,194.921875,97976603.83597884,8,'00100,'00110,'01100,'10100,'10110,'11000,'11010,'11110
i4,g1,rise,rise,249.5,125410052.9100529,7,'00000,'00010,'01000,'01010,'01110,'10000,'10010
i4,g1,fall,fall,194.921875,97976603.83597884,5,'00100,'00110,'01100,'10100,'10110
i5,g2,fall,fall,498.19278264045715,250414361.64467424,1,'00101
e4,g2,rise,fall,249.0126953125,125165111.40046296,2,'00001,'00100
e4,g2,fall,rise,105.7451171875,53152307.581018515,1,'00000
i62,g2,rise,rise,143.00405764579773,71880346.43571842,1,'01111
i62,g2,fall,fall,202.01824951171875,101543564.56938244,1,'01101
i61,g2,rise,rise,251.38342785835266,126356749.4526111,1,'01011
i61,g2,fall,fall,202.109619140625,101589491.10243054,1,'00011
e5,g2,rise,fall,246.576171875,123940403.85251322,3,'00101,'00111,'01101
e5,g2,fall,rise,202.71875,101895667.98941799,1,'01111
g2,g2,rise,rise,249.5,125410052.9100529,6,'00000,'00010,'01000,'01011,'01110,'01111
g2,g2,fall,fall,101.359375,50947833.99470899,9,'00001,'00011,'00100,'00101,'00110,'00111,'01001,'01100,'01101
