nodo,saida,pulso,pulso,corrente,set,num val,validacoes->
e1,g1,rise,fall,143.02392578125,7.19e+07,1,'11010
e1,g1,fall,rise,199.3076171875,1.00e+08,2,'01010,'10010
i1,g1,rise,fall,250.9619140625,1.26e+08,3,'11000,'11010,'11110
i1,g1,fall,rise,199.3076171875,1.00e+08,2,'10000,'10010
e2,g1,rise,rise,144.2896568775177,7.25e+07,1,'01110
e2,g1,fall,fall,201.135009765625,1.01e+08,1,'01100
i2,g1,rise,rise,253.73857522010803,1.28e+08,1,'01110
i2,g1,fall,fall,201.28729248046875,1.01e+08,1,'00110
e3,g1,rise,fall,141.8056640625,7.13e+07,3,'00100,'00110,'01100
e3,g1,fall,rise,201.744140625,1.01e+08,4,'00000,'00010,'01000,'01110
i3,g1,rise,fall,249.0126953125,1.25e+08,5,'00100,'00110,'01100,'10100,'10110
i3,g1,fall,rise,201.744140625,1.01e+08,5,'00000,'00010,'01000,'10000,'10010
g1,g1,rise,rise,140.34375,7.05e+07,7,'00000,'00010,'01000,'01010,'01110,'10000,'10010
g1,g1,fall,fall,194.921875,9.80e+07,8,'00100,'00110,'01100,'10100,'10110,'11000,'11010,'11110
i4,g1,rise,rise,249.5,1.25e+08,7,'00000,'00010,'01000,'01010,'01110,'10000,'10010
i4,g1,fall,fall,194.921875,9.80e+07,5,'00100,'00110,'01100,'10100,'10110
i5,g2,fall,fall,498.19278264045715,2.50e+08,1,'00101
e4,g2,rise,fall,249.0126953125,1.25e+08,2,'00001,'00100
e4,g2,fall,rise,105.7451171875,5.32e+07,1,'00000
i62,g2,rise,rise,143.00405764579773,7.19e+07,1,'01111
i62,g2,fall,fall,202.01824951171875,1.02e+08,1,'01101
i61,g2,rise,rise,251.38342785835266,1.26e+08,1,'01011
i61,g2,fall,fall,202.109619140625,1.02e+08,1,'00011
e5,g2,rise,fall,246.576171875,1.24e+08,3,'00101,'00111,'01101
e5,g2,fall,rise,202.71875,1.02e+08,1,'01111
g2,g2,rise,rise,249.5,1.25e+08,6,'00000,'00010,'01000,'01011,'01110,'01111
g2,g2,fall,fall,101.359375,5.09e+07,9,'00001,'00011,'00100,'00101,'00110,'00111,'01001,'01100,'01101
