nodo,saida,pulso,pulso,corrente,set,validacoes->
s,s,rise,rise,140.0625E-6,=E2*(0.000000000164 - 5E-11)/(1.08E-14*0.000000021),'11
s,s,fall,fall,186.75E-6,=E3*(0.000000000164 - 5E-11)/(1.08E-14*0.000000021),'01,'10
i1,s,rise,rise,249.0E-6,=E4*(0.000000000164 - 5E-11)/(1.08E-14*0.000000021),'11
i1,s,fall,fall,186.75E-6,=E5*(0.000000000164 - 5E-11)/(1.08E-14*0.000000021),'10
