nodo,saida,pulso,pulso,corrente,set,num val,validacoes->
g1,g1,rise,rise,46.6875,23467261.9048,1,'11
g1,g1,fall,fall,66.140625,33245287.6984,2,'01,'10
i1,g1,rise,rise,81.703125,41067708.3333,1,'11
i1,g1,fall,fall,66.140625,33245287.6984,1,'10
