nodo,saida,pulso,pulso,corrente,set,validacoes->
i1,g1,up,up,178.452026367E-6,=E2*0.00000000019/(1.08E-14*0.000000021),'1001
i1,g1,down,down,150.883300781E-6,=E3*0.00000000019/(1.08E-14*0.000000021),'1111
i2,g1,up,up,177.0234375E-6,=E4*0.00000000019/(1.08E-14*0.000000021),'0111
i2,g1,down,down,149.7890625E-6,=E5*0.00000000019/(1.08E-14*0.000000021),'1111
i3,g1,up,up,174.348632812E-6,=E6*0.00000000019/(1.08E-14*0.000000021),'1110
i3,g1,down,down,153.193359375E-6,=E7*0.00000000019/(1.08E-14*0.000000021),'1111
g1,g1,up,up,171.1875E-6,=E8*0.00000000019/(1.08E-14*0.000000021),'0000,'0001,'0010,'0011,'0100,'0101,'0110,'0111,'1000,'1001,'1010,'1011,'1100,'1101,'1110
g1,g1,down,down,155.625E-6,=E9*0.00000000019/(1.08E-14*0.000000021),'1111
