{"analise": true, "num": 25, "atual": 0, "var": {"1": [4.8108, 4.372], "2": [4.7442987080000005, 4.313604653333333], "3": [4.8280387000000005, 4.3524935933333335], "4": [4.882529028, 4.494102673333333], "5": [4.894564046, 4.386675346666666], "6": [5.0332353560000005, 4.240934726666667], "7": [4.7088190580000004, 4.4198005333333334], "8": [4.846736676000001, 4.336025726666667], "9": [4.926090822000001, 4.395382913333333], "10": [4.78049196, 4.334189486666666], "11": [4.83818147, 4.412207826666666], "12": [4.7960388620000005, 4.393131333333333], "13": [4.751097972, 4.433827366666667], "14": [4.864496546000001, 4.28136844], "15": [4.715297602000001, 4.416674553333333], "16": [4.8885264920000004, 4.399864213333333], "17": [4.859493314000001, 4.23465362], "18": [4.830452118, 4.43038806], "19": [4.877846516000001, 4.27575042], "20": [4.707391854000001, 4.193462093333333], "21": [4.868850320000001, 4.40498674], "22": [4.793384904000001, 4.319368406666666], "23": [4.684460374, 4.334080186666666], "24": [4.958716064000001, 4.480673346666666], "25": [4.949214734000001, 4.353717753333333]}, "saida": null}