indice,pmos,nmos,nodo,saida,corrente,LETth
1.0,0.0,0.0,g1,g1,143.75,72255291.00529101
2.0,-0.8294,-0.8014,g1,g1,175.0,87962962.96296296
3.0,0.215,-0.2677,g1,g1,212.5,106812169.3121693
