indice,pmos,nmos,nodo,saida,corrente,LETth
1.0,4.8108,4.372,g1,g1,143.75,72255291.00529101
2.0,4.7442987080000005,4.313604653333333,i1,g1,158.30078125,79569175.760582
