indice,pmos,nmos,nodo,saida,corrente,LETth
1.0,4.8108,4.372,g1,g1,200.0,100529100.52910052
2.0,4.7443,4.3136,i1,g1,187.5,94246031.74603175
3.0,4.828,4.3525,g1,g1,200.0,100529100.52910052
