indice,pmos,nmos,nodo,saida,corrente,LETth
1.0,0.0,0.0,i1,g1,787.5,395833333.3333333
2.0,-0.8294,-0.8014,g1,g1,175.0,87962962.96296296
3.0,0.215,-0.2677,g1,g1,212.5,106812169.3121693
